EnglishProductCategoryName,AVG(SalesAmount),AVG Sales
Components,637.174352,637.17435155
Clothing,145.939212,145.93921243
Bikes,2707.79059,2707.79059042
Accessories,111.70868,111.70868007